insert into student values('s1', 'Student 1', 's1@email.com', 's1');
insert into student values('s2', 'Student 2', 's2@email.com', 's2');
insert into student values('s3', 'Student 3', 's3@email.com', 's3');
insert into student values('s4', 'Student 4', 's4@email.com', 's4');
insert into student values('s5', 'Student 5', 's5@email.com', 's5');
insert into student values('s6', 'Student 6', 's6@email.com', 's6');
insert into student values('s7', 'Student 7', 's7@email.com', 's7');
insert into student values('s8', 'Student 8', 's7@email.com', 's8');
insert into student values('s9', 'Student 9', 's7@email.com', 's9');
insert into student values('s10', 'Student 10', 's7@email.com', 's10');
insert into student values('s11', 'Student 11', 's7@email.com', 's11');
insert into student values('i1', 'Instructor 1', 'i1@email.com', 'i1');
insert into student values('i2', 'Instructor 2', 'i2@email.com', 'i2');
insert into student values('i3', 'Instructor 3', 'i3@email.com', 'i3');
insert into student values('i4', 'Instructor 4', 'i4@email.com', 'i4');
insert into student values('i5', 'Instructor 5', 'i5@email.com', 'i5');
insert into student values('i6', 'Instructor 6', 'i6@email.com', 'i6');
insert into student values('i7', 'Instructor 7', 'i7@email.com', 'i7');
insert into student values('t1', 'Assistant 1', 't1@email.com', 't1');
insert into student values('t2', 'Assistant 2', 't2@email.com', 't2');
insert into student values('t3', 'Assistant 3', 't3@email.com', 't3');
insert into student values('t4', 'Assistant 4', 't4@email.com', 't4');
insert into student values('t5', 'Assistant 5', 't5@email.com', 't5');
insert into student values('t6', 'Assistant 6', 't6@email.com', 't6');
insert into student values('t7', 'Assistant 7', 't7@email.com', 't7');

insert into instructor values('i1', 'Instructor 1', 'i1@email.com', 'i1');
insert into instructor values('i2', 'Instructor 2', 'i2@email.com', 'i2');
insert into instructor values('i3', 'Instructor 3', 'i3@email.com', 'i3');
insert into instructor values('i4', 'Instructor 4', 'i4@email.com', 'i4');
insert into instructor values('i5', 'Instructor 5', 'i5@email.com', 'i5');
insert into instructor values('i6', 'Instructor 6', 'i6@email.com', 'i6');
insert into instructor values('i7', 'Instructor 7', 'i7@email.com', 'i7');
insert into instructor values('s1', 'Student 1', 's1@email.com', 's1');
insert into instructor values('s2', 'Student 2', 's2@email.com', 's2');
insert into instructor values('s3', 'Student 3', 's3@email.com', 's3');
insert into instructor values('s4', 'Student 4', 's4@email.com', 's4');
insert into instructor values('s5', 'Student 5', 's5@email.com', 's5');
insert into instructor values('s6', 'Student 6', 's6@email.com', 's6');
insert into instructor values('s7', 'Student 7', 's7@email.com', 's7');
insert into instructor values('t1', 'Assistant 1', 't1@email.com', 't1');
insert into instructor values('t2', 'Assistant 2', 't2@email.com', 't2');
insert into instructor values('t3', 'Assistant 3', 't3@email.com', 't3');
insert into instructor values('t4', 'Assistant 4', 't4@email.com', 't4');
insert into instructor values('t5', 'Assistant 5', 't5@email.com', 't5');
insert into instructor values('t6', 'Assistant 6', 't6@email.com', 't6');
insert into instructor values('t7', 'Assistant 7', 't7@email.com', 't7');

insert into ta values('t1', 'Aman', 't1@email.com', 't1');
insert into ta values('t2', 'Preey', 't2@email.com', 't2');
insert into ta values('t3', 'Sahil', 't3@email.com', 't3');
insert into ta values('t4', 'Kunal', 't4@email.com', 't4');
insert into ta values('t5', 'Assistant 5', 't5@email.com', 't5');
insert into ta values('t6', 'Assistant 6', 't6@email.com', 't6');
insert into ta values('t7', 'Assistant 7', 't7@email.com', 't7');
insert into ta values('s1', 'Student 1', 's1@email.com', 's1');
insert into ta values('s2', 'Student 2', 's2@email.com', 's2');
insert into ta values('s3', 'Student 3', 's3@email.com', 's3');
insert into ta values('s4', 'Student 4', 's4@email.com', 's4');
insert into ta values('s5', 'Student 5', 's5@email.com', 's5');
insert into ta values('s6', 'Student 6', 's6@email.com', 's6');
insert into ta values('s7', 'Student 7', 's7@email.com', 's7');
insert into ta values('i1', 'Instructor 1', 'i1@email.com', 'i1');
insert into ta values('i2', 'Instructor 2', 'i2@email.com', 'i2');
insert into ta values('i3', 'Instructor 3', 'i3@email.com', 'i3');
insert into ta values('i4', 'Instructor 4', 'i4@email.com', 'i4');
insert into ta values('i5', 'Instructor 5', 'i5@email.com', 'i5');
insert into ta values('i6', 'Instructor 6', 'i6@email.com', 'i6');
insert into ta values('i7', 'Instructor 7', 'i7@email.com', 'i7');

insert into course values('CS101', 'Intro to Programming');
insert into course values('CS201', 'Mid level Programming');
insert into course values('CS301', 'Adv level Programming');
insert into course values('CS213', 'DSA');
insert into course values('CS293', 'DSA Lab');
insert into course values('CS218', 'Algo');

insert into topic(courseid, topicname) values('CS101', 'Maths');
insert into topic(courseid, topicname) values('CS101', 'Computer Science');
insert into topic(courseid, topicname) values('CS101', 'History');
insert into topic(courseid, topicname) values('CS101', 'Literature');
insert into topic(courseid, topicname) values('CS101', 'Geography');
insert into topic(courseid, topicname) values('CS101', 'GK');
insert into topic(courseid, topicname) values('CS101', 'Database');
insert into topic(courseid, topicname) values('CS101', 'OS');
insert into topic(courseid, topicname) values('CS101', 'Philosophy');
insert into topic(courseid, topicname) values('CS101', 'Programming');
insert into topic(courseid, topicname) values('CS201', 'recursion');
insert into topic(courseid, topicname) values('CS201', 'classes');
insert into topic(courseid, topicname) values('CS201', 'inheritence');
insert into topic(courseid, topicname) values('CS301', 'recursion');
insert into topic(courseid, topicname) values('CS301', 'classes');
insert into topic(courseid, topicname) values('CS301', 'inheritence');

insert into section(courseid, year, semester) values('CS101', 2018, 'Fall');
insert into section(courseid, year, semester) values('CS101', 2018, 'Spring');
insert into section(courseid, year, semester) values('CS201', 2018, 'Fall');
insert into section(courseid, year, semester) values('CS301', 2018, 'Spring');
insert into section(courseid, year, semester) values('CS213', 2018, 'Summer');
insert into section(courseid, year, semester) values('CS293', 2018, 'Winter');
insert into section(courseid, year, semester) values('CS218', 2018, 'Summer');
insert into section(courseid, year, semester) values('CS218', 2018, 'Winter');

insert into tasection values('t1', 1);
insert into tasection values('t2', 1);
insert into tasection values('t3', 1);
insert into tasection values('t4', 1);
insert into tasection values('t1', 2);
insert into tasection values('t1', 3);
insert into tasection values('t1', 8);
insert into tasection values('t3', 5);
insert into tasection values('t4', 6);
insert into tasection values('t4', 7);
insert into tasection values('t5', 8);


insert into teaches values('i1', 1);
insert into teaches values('i1', 2);
insert into teaches values('i2', 3);
insert into teaches values('i2', 4);
insert into teaches values('i3', 5);
insert into teaches values('i4', 6);
insert into teaches values('i5', 7);
insert into teaches values('i6', 8);
insert into teaches values('i7', 1);
insert into teaches values('i7', 2);
insert into teaches values('i1', 3);
insert into teaches values('i2', 1);

insert into takes values('s1', 1);
insert into takes values('s2', 1);
insert into takes values('s3', 1);
insert into takes values('s4', 1);
insert into takes values('s5', 1);
insert into takes values('s6', 1);
insert into takes values('s7', 1);
insert into takes values('s8', 1);
insert into takes values('s9', 1);
insert into takes values('s10', 1);
insert into takes values('s1', 2);
insert into takes values('s1', 3);
insert into takes values('s2', 2);
insert into takes values('s3', 2);
insert into takes values('s1', 4);

insert into quiz(qzName, secID, start, duration,weightage) values('Quiz 1', 1, '2018-09-22 19:10:25', '1:00:00', 0.1);
insert into quiz(qzName, secID, start, duration,weightage) values('Midsem', 1, '2018-10-22 09:00:00', '3:00:00',0.3);
insert into quiz(qzName, secID, start, duration,weightage) values('Quiz 2', 1, '2018-11-27 09:00:00', '9:30:00', 0.1);
insert into quiz(qzName, secID, start, duration,weightage) values('Endsem', 1, '2018-12-22 09:00:00', '3:00:00',0.4);
insert into quiz(qzName, secID, start, duration,weightage) values('Quiz 1', 2, '2018-09-22 19:10:25', '3 4:05:06', 0.25);
insert into quiz(qzName, secID, start, duration,weightage) values('Quiz 2', 2, '2018-09-25 09:00:00', '0:30:00', 0.25);
insert into quiz(qzName, secID, start, duration,weightage) values('Quiz 3', 2, '2018-11-22 09:00:00', '1:00:00', 0.25);
insert into quiz(qzName, secID, start, duration,weightage) values('Quiz 1', 3, '2018-09-22 19:10:25', '3 4:05:06', 0.25);
insert into quiz(qzName, secID, start, duration,weightage) values('Quiz 1', 4, '2018-09-25 09:00:00', '0:30:00', 0.25);
insert into quiz(qzName, secID, start, duration,weightage) values('Quiz 1', 5, '2018-11-22 09:00:00', '1:00:00',0.25);
insert into quiz(qzName, secID, start, duration,weightage) values('Quiz 1', 6, '2018-09-22 19:10:25', '3 4:05:06', 0.25);
insert into quiz(qzName, secID, start, duration,weightage) values('Quiz 1', 7, '2018-09-25 09:00:00', '0:30:00', 0.25);
insert into quiz(qzName, secID, start, duration,weightage) values('Quiz 1', 8, '2018-11-22 09:00:00', '1:00:00', 0.25);

insert into question(iid, problem, isObjective) values('i1', 'How many sides of a square?', TRUE);
insert into question(iid, problem, isObjective) values('i1', '2+2', TRUE);
insert into question(iid, problem, isObjective) values('i1', 'How many sides of a circle?', FALSE);
insert into question(iid, problem, isObjective) values('i1', 'What is capital of India?', TRUE);
insert into question(iid, problem, isObjective) values('i1', 'What is capital of France?', TRUE);
insert into question(iid, problem, isObjective) values('i1', 'What is the area of a square?', FALSE);
insert into question(iid, problem, isObjective) values('i1', 'Who was the first Prime Minister of India?', FALSE);
insert into question(iid, problem, isObjective) values('i1', 'How many corners of a circle?', TRUE);
insert into question(iid, problem, isObjective) values('i1', 'Who built Taj Mahal?', FALSE);
insert into question(iid, problem, isObjective) values('i1', 'Who was the author of The Tempest', TRUE);
insert into question(iid, problem, isObjective) values('i1', 'Who was the author of The Harry Potters', TRUE);
insert into question(iid, problem, isObjective) values('i1', 'What is capital of Germany?', TRUE);
insert into question(iid, problem, isObjective) values('i1', 'What is capital of Maharashtra?', TRUE);
insert into question(iid, problem, isObjective) values('i1', 'Give a factor of 950 greater than 30?', FALSE);
insert into question(iid, problem, isObjective) values('i1', 'Explain the concept of Advaita', FALSE);
insert into question(iid, problem, isObjective) values('i1', 'List 5 names of computer scientists.', FALSE);
insert into question(iid, problem, isObjective) values('i1', 'What is OOP?', FALSE);
insert into question(iid, problem, isObjective) values('i1', 'How is map reduce useful in a database?', FALSE);
insert into question(iid, problem, isObjective) values('i1', 'What is the full form of IP?', FALSE);
insert into question(iid, problem, isObjective) values('i1', 'What is the full form of HTTP?', FALSE);
insert into question(iid, problem, isObjective) values('i1', 'What is the full form of TCP?', FALSE);
insert into question(iid, problem, isObjective) values('i1', 'How does the OS implement concurrency?', FALSE);

insert into option(qID, isCorrect, optNum, opt) values(1, FALSE, 1, '1');
insert into option(qID, isCorrect, optNum, opt) values(1, FALSE, 2, '2');
insert into option(qID, isCorrect, optNum, opt) values(1, FALSE, 3, '3');
insert into option(qID, isCorrect, optNum, opt) values(1, TRUE, 4, '4');

insert into option(qID, isCorrect, optNum, opt) values(2, FALSE, 1, '1');
insert into option(qID, isCorrect, optNum, opt) values(2, TRUE, 2, '2*2');
insert into option(qID, isCorrect, optNum, opt) values(2, FALSE, 3, '3');
insert into option(qID, isCorrect, optNum, opt) values(2, TRUE, 4, '4');

insert into option(qID, isCorrect, optNum, opt) values(3, TRUE, 1, 'Infinite');

insert into option(qID, isCorrect, optNum, opt) values(4, TRUE, 1, 'Delhi');
insert into option(qID, isCorrect, optNum, opt) values(4, FALSE, 2, 'Milan');
insert into option(qID, isCorrect, optNum, opt) values(4, FALSE, 3, 'Paris');
insert into option(qID, isCorrect, optNum, opt) values(4, FALSE, 4, 'New York');

insert into option(qID, isCorrect, optNum, opt) values(5, FALSE, 1, 'Delhi');
insert into option(qID, isCorrect, optNum, opt) values(5, FALSE, 2, 'Milan');
insert into option(qID, isCorrect, optNum, opt) values(5, TRUE, 3, 'Paris');
insert into option(qID, isCorrect, optNum, opt) values(5, FALSE, 4, 'New York');

insert into option(qID, isCorrect, optNum, opt) values(6, TRUE, 1, 'a*a where a is the length of the side.');

insert into option(qID, isCorrect, optNum, opt) values(7, TRUE, 1, 'Jawaharlal Nehru');

insert into option(qID, isCorrect, optNum, opt) values(8, FALSE, 1, '1');
insert into option(qID, isCorrect, optNum, opt) values(8, FALSE, 2, 'infinite');
insert into option(qID, isCorrect, optNum, opt) values(8, FALSE, 3, '2');
insert into option(qID, isCorrect, optNum, opt) values(8, TRUE, 4, '0');

insert into option(qID, isCorrect, optNum, opt) values(9, TRUE, 1, 'Husband of Mumtaz Mahal');
insert into option(qID, isCorrect, optNum, opt) values(9, FALSE, 2, 'Akbar');
insert into option(qID, isCorrect, optNum, opt) values(9, FALSE, 3, 'Wife of Mumtaz Mahal');
insert into option(qID, isCorrect, optNum, opt) values(9, TRUE, 4, 'Shah Jahan');

insert into option(qID, isCorrect, optNum, opt) values(10, FALSE, 1, 'Joseph Conrad');
insert into option(qID, isCorrect, optNum, opt) values(10, TRUE, 2, 'Shakespeare');
insert into option(qID, isCorrect, optNum, opt) values(10, FALSE, 3, 'Amish Tripathi');
insert into option(qID, isCorrect, optNum, opt) values(10, FALSE, 4, 'Preey Shah');
insert into option(qID, isCorrect, optNum, opt) values(11, FALSE, 1, 'Joseph Conrad');
insert into option(qID, isCorrect, optNum, opt) values(11, TRUE, 2, 'J.K. Rowling');
insert into option(qID, isCorrect, optNum, opt) values(11, FALSE, 3, 'Amish Tripathi');
insert into option(qID, isCorrect, optNum, opt) values(11, FALSE, 4, 'Preey Shah');

insert into option(qID, isCorrect, optNum, opt) values(12, FALSE, 1, 'Delhi');
insert into option(qID, isCorrect, optNum, opt) values(12, FALSE, 2, 'Milan');
insert into option(qID, isCorrect, optNum, opt) values(12, FALSE, 3, 'Paris');
insert into option(qID, isCorrect, optNum, opt) values(12, TRUE, 4, 'Berlin');

insert into option(qID, isCorrect, optNum, opt) values(13, FALSE, 1, 'Delhi');
insert into option(qID, isCorrect, optNum, opt) values(13, FALSE, 2, 'Jaipur');
insert into option(qID, isCorrect, optNum, opt) values(13, FALSE, 3, 'Chennai');
insert into option(qID, isCorrect, optNum, opt) values(13, TRUE, 4, 'Mumbai');

insert into option(qID, isCorrect, optNum, opt) values(14, TRUE, 1, '95');
insert into option(qID, isCorrect, optNum, opt) values(15, TRUE, 1, 'a Vedantic doctrine that identifies the individual self (atman) with the ground of reality (brahman). It is associated especially with the Indian philosopher Shankara ( c. 788–820).');
insert into option(qID, isCorrect, optNum, opt) values(16, TRUE, 1, 'Alan Turing, Donald Knuth, Dijkstra, AK Jain, Shamir');
insert into option(qID, isCorrect, optNum, opt) values(17, TRUE, 1, 'Object-oriented programming (OOP) is a programming language model organized around objects rather than "actions" and data rather than logic. Historically, a program has been viewed as a logical procedure that takes input data, processes it, and produces output data.');
insert into option(qID, isCorrect, optNum, opt) values(18, TRUE, 1, 'MapReduce is a programming model and an associated implementation for processing and generating big data sets with a parallel, distributed algorithm on a cluster');
insert into option(qID, isCorrect, optNum, opt) values(19, TRUE, 1, 'Internet Protocol');
insert into option(qID, isCorrect, optNum, opt) values(20, TRUE, 1, 'HyperText Transfer Protocol');
insert into option(qID, isCorrect, optNum, opt) values(21, TRUE, 1, 'Transmission Control Protocol');
insert into option(qID, isCorrect, optNum, opt) values(22, TRUE, 1, 'By using locks');

insert into questiontopic values(1, 1);
insert into questiontopic values(2, 1);
insert into questiontopic values(3, 1);
insert into questiontopic values(4, 5);
insert into questiontopic values(4, 6);
insert into questiontopic values(5, 5);
insert into questiontopic values(5, 6);
insert into questiontopic values(6, 1);
insert into questiontopic values(6, 6);
insert into questiontopic values(7, 3);
insert into questiontopic values(7, 6);
insert into questiontopic values(8, 1);
insert into questiontopic values(9, 3);
insert into questiontopic values(9, 6);
insert into questiontopic values(10, 4);
insert into questiontopic values(11, 4);
insert into questiontopic values(12, 5);
insert into questiontopic values(13, 5);
insert into questiontopic values(14, 1);
insert into questiontopic values(15, 9);
insert into questiontopic values(16, 2);
insert into questiontopic values(16, 10);
insert into questiontopic values(17, 2);
insert into questiontopic values(17, 10);
insert into questiontopic values(18, 2);
insert into questiontopic values(18, 7);
insert into questiontopic values(19, 2);
insert into questiontopic values(20, 2);
insert into questiontopic values(21, 2);
insert into questiontopic values(22, 2);
insert into questiontopic values(22, 8);

insert into quizQuestion(qID, qzID, maxMarks) values(1, 1, 1);
insert into quizQuestion(qID, qzID, maxMarks) values(2, 1, 1);
insert into quizQuestion(qID, qzID, maxMarks) values(3, 1, 3);
insert into quizQuestion(qID, qzID, maxMarks) values(4, 1, 1);
insert into quizQuestion(qID, qzID, maxMarks) values(6, 1, 4);

insert into quizQuestion(qID, qzID, maxMarks) values(18, 2, 4);
insert into quizQuestion(qID, qzID, maxMarks) values(19, 2, 4);
insert into quizQuestion(qID, qzID, maxMarks) values(5, 2, 4);
insert into quizQuestion(qID, qzID, maxMarks) values(10, 2, 4);
insert into quizQuestion(qID, qzID, maxMarks) values(20, 2, 4);

insert into quizQuestion(qID, qzID, maxMarks) values(21, 3, 2);
insert into quizQuestion(qID, qzID, maxMarks) values(12, 3, 1);
insert into quizQuestion(qID, qzID, maxMarks) values(1, 3, 2);
insert into quizQuestion(qID, qzID, maxMarks) values(22, 3, 1);
insert into quizQuestion(qID, qzID, maxMarks) values(14, 3, 1);
insert into quizQuestion(qID, qzID, maxMarks) values(2, 3, 1);

insert into quizQuestion(qID, qzID, maxMarks) values(15, 4, 8);
insert into quizQuestion(qID, qzID, maxMarks) values(16, 4, 7);
insert into quizQuestion(qID, qzID, maxMarks) values(17, 4, 8);
insert into quizQuestion(qID, qzID, maxMarks) values(11, 4, 8);
insert into quizQuestion(qID, qzID, maxMarks) values(12, 4, 8);

insert into response values ('s1', 1, 1, '3 ', FALSE, '0:05:06', TRUE, -1);
insert into response values ('s1', 2, 1, '1 3 ', FALSE, '0:05:06', TRUE, -1);
insert into response values ('s1', 3, 1, 'many sides', FALSE, '0:05:06', TRUE, 0);
insert into response values ('s1', 4, 1, '0 ', FALSE, '0:05:06', TRUE, -1);
insert into response values ('s1', 6, 1, 'l^2 l is the side', FALSE, '0:05:06', TRUE, -1);

insert into response values ('s2', 1, 1, '3 ', FALSE, '0:05:06', TRUE, -1);
insert into response values ('s2', 2, 1, '1 2 3 ', FALSE, '0:05:06', TRUE, -1);
insert into response values ('s2', 3, 1, 'infinitely many sides', FALSE, '0:05:06', TRUE, 1);
insert into response values ('s2', 4, 1, '3 ', FALSE, '0:05:06', TRUE, -1);
insert into response values ('s2', 6, 1, '1000', FALSE, '0:05:06', TRUE, -1);

insert into response values ('s3', 1, 1, '3 ', FALSE, '0:05:06', TRUE, -1);
insert into response values ('s3', 2, 1, '1 3 ', FALSE, '0:05:06', TRUE, -1);
insert into response values ('s3', 3, 1, 'many sides', FALSE, '0:05:06', TRUE, 0);
insert into response values ('s3', 4, 1, '0 ', FALSE, '0:05:06', TRUE, -1);
insert into response values ('s3', 6, 1, 'l^2 l is the side', FALSE, '0:05:06', TRUE, -1);

insert into response values ('s4', 1, 1, '3 ', FALSE, '0:05:06', TRUE, -1);
insert into response values ('s4', 2, 1, '1 2 3 ', FALSE, '0:05:06', TRUE, -1);
insert into response values ('s4', 3, 1, 'infinitely many sides', FALSE, '0:05:06', TRUE, 1);
insert into response values ('s4', 4, 1, '3 ', FALSE, '0:05:06', TRUE, -1);
insert into response values ('s4', 6, 1, '1000', FALSE, '0:05:06', TRUE, -1);

insert into response values ('s5', 1, 1, '3 ', FALSE, '0:05:06', TRUE, -1);
insert into response values ('s5', 2, 1, '1 3 ', FALSE, '0:05:06', TRUE, -1);
insert into response values ('s5', 3, 1, 'many sides', FALSE, '0:05:06', TRUE, 0);
insert into response values ('s5', 4, 1, '0 ', FALSE, '0:05:06', TRUE, -1);
insert into response values ('s5', 6, 1, 'l^2 l is the side', FALSE, '0:05:06', TRUE, -1);

insert into response values ('s6', 1, 1, '3 ', FALSE, '0:05:06', TRUE, -1);
insert into response values ('s6', 2, 1, '1 2 3 ', FALSE, '0:05:06', TRUE, -1);
insert into response values ('s6', 3, 1, 'infinitely many sides', FALSE, '0:05:06', TRUE, 1);
insert into response values ('s6', 4, 1, '3 ', FALSE, '0:05:06', TRUE, -1);
insert into response values ('s6', 6, 1, '1000', FALSE, '0:05:06', TRUE, -1);

insert into response values ('s7', 1, 1, '3 ', FALSE, '0:05:06', TRUE, -1);
insert into response values ('s7', 2, 1, '1 3 ', FALSE, '0:05:06', TRUE, -1);
insert into response values ('s7', 3, 1, 'many sides', FALSE, '0:05:06', TRUE, 0);
insert into response values ('s7', 4, 1, '0 ', FALSE, '0:05:06', TRUE, -1);
insert into response values ('s7', 6, 1, 'l^2 l is the side', FALSE, '0:05:06', TRUE, -1);

insert into response values ('s8', 1, 1, '3 ', FALSE, '0:05:06', TRUE, -1);
insert into response values ('s8', 2, 1, '1 2 3 ', FALSE, '0:05:06', TRUE, -1);
insert into response values ('s8', 3, 1, 'infinitely many sides', FALSE, '0:05:06', TRUE, 1);
insert into response values ('s8', 4, 1, '3 ', FALSE, '0:05:06', TRUE, -1);
insert into response values ('s8', 6, 1, '1000', FALSE, '0:05:06', TRUE, -1);

insert into response values ('s9', 1, 1, '3 ', FALSE, '0:05:06', TRUE, -1);
insert into response values ('s9', 2, 1, '1 3 ', FALSE, '0:05:06', TRUE, -1);
insert into response values ('s9', 3, 1, 'many sides', FALSE, '0:05:06', TRUE, 0);
insert into response values ('s9', 4, 1, '0 ', FALSE, '0:05:06', TRUE, -1);
insert into response values ('s9', 6, 1, 'l^2 l is the side', FALSE, '0:05:06', TRUE, -1);

insert into response values ('s10', 1, 1, '2 ', FALSE, '0:05:06', TRUE, -1);
insert into response values ('s10', 2, 1, '1 3 ', FALSE, '0:05:06', TRUE, -1);
insert into response values ('s10', 3, 1, 'many sides', FALSE, '0:05:06', TRUE, 0);
insert into response values ('s10', 4, 1, '1 ', FALSE, '0:05:06', TRUE, -1);
insert into response values ('s10', 6, 1, 'l^2 l is the side', FALSE, '0:05:06', TRUE, -1);

-- Midsem

insert into response values ('s1', 18, 2, 'Used for parallelising queries', FALSE, '0:05:06', TRUE, 2);
insert into response values ('s1', 19, 2, 'Internet Protocol(IP)', FALSE, '0:05:06', TRUE, 3);
insert into response values ('s1', 5, 2, '2 ', FALSE, '0:05:06', TRUE, -1);
insert into response values ('s1', 10, 2, '1 ', FALSE, '0:05:06', TRUE, -1);
insert into response values ('s1', 20, 2, 'Hyper Tank Protocol', FALSE, '0:05:06', TRUE, -1);

insert into response values ('s2', 18, 2, 'Used to reduce time map', FALSE, '0:05:06', TRUE, 2);
insert into response values ('s2', 19, 2, 'I P', FALSE, '0:05:06', TRUE, 0);
insert into response values ('s2', 5, 2, '2 ', FALSE, '0:05:06', TRUE, -1);
insert into response values ('s2', 10, 2, '0 1 2 3 ', FALSE, '0:05:06', TRUE, -1);
insert into response values ('s2', 20, 2, 'Hyper Text Protocol', FALSE, '0:05:06', TRUE, -1);

insert into response values ('s3', 18, 2, 'Used for parallelising queries', FALSE, '0:05:06', TRUE, 2);
insert into response values ('s3', 19, 2, 'Internet Protocol(IP)', FALSE, '0:05:06', TRUE, 3);
insert into response values ('s3', 5, 2, '2 ', FALSE, '0:05:06', TRUE, -1);
insert into response values ('s3', 10, 2, '1 ', FALSE, '0:05:06', TRUE, -1);
insert into response values ('s3', 20, 2, 'Hyper Tank Protocol', FALSE, '0:05:06', TRUE, -1);

insert into response values ('s4', 18, 2, 'Used to reduce time map', FALSE, '0:05:06', TRUE, 2);
insert into response values ('s4', 19, 2, 'I P', FALSE, '0:05:06', TRUE, 0);
insert into response values ('s4', 5, 2, '2 ', FALSE, '0:05:06', TRUE, -1);
insert into response values ('s4', 10, 2, '0 1 2 3 ', FALSE, '0:05:06', TRUE, -1);
insert into response values ('s4', 20, 2, 'Hyper Text Protocol', FALSE, '0:05:06', TRUE, -1);

insert into response values ('s5', 18, 2, 'Used for parallelising queries', FALSE, '0:05:06', TRUE, 2);
insert into response values ('s5', 19, 2, 'Internet Protocol(IP)', FALSE, '0:05:06', TRUE, 3);
insert into response values ('s5', 5, 2, '2 ', FALSE, '0:05:06', TRUE, -1);
insert into response values ('s5', 10, 2, '1 ', FALSE, '0:05:06', TRUE, -1);
insert into response values ('s5', 20, 2, 'Hyper Tank Protocol', FALSE, '0:05:06', TRUE, -1);

insert into response values ('s6', 18, 2, 'Used to reduce time map', FALSE, '0:05:06', TRUE, 2);
insert into response values ('s6', 19, 2, 'I P', FALSE, '0:05:06', TRUE, 0);
insert into response values ('s6', 5, 2, '2 ', FALSE, '0:05:06', TRUE, -1);
insert into response values ('s6', 10, 2, '0 1 2 3 ', FALSE, '0:05:06', TRUE, -1);
insert into response values ('s6', 20, 2, 'Hyper Text Protocol', FALSE, '0:05:06', TRUE, -1);

insert into response values ('s7', 18, 2, 'Used for parallelising queries', FALSE, '0:05:06', TRUE, 2);
insert into response values ('s7', 19, 2, 'Internet Protocol(IP)', FALSE, '0:05:06', TRUE, 3);
insert into response values ('s7', 5, 2, '2 ', FALSE, '0:05:06', TRUE, -1);
insert into response values ('s7', 10, 2, '1 ', FALSE, '0:05:06', TRUE, -1);
insert into response values ('s7', 20, 2, 'Hyper Tank Protocol', FALSE, '0:05:06', TRUE, -1);

insert into response values ('s8', 18, 2, 'Used to reduce time map', FALSE, '0:05:06', TRUE, 2);
insert into response values ('s8', 19, 2, 'I P', FALSE, '0:05:06', TRUE, 0);
insert into response values ('s8', 5, 2, '2 ', FALSE, '0:05:06', TRUE, -1);
insert into response values ('s8', 10, 2, '0 1 2 3 ', FALSE, '0:05:06', TRUE, -1);
insert into response values ('s8', 20, 2, 'Hyper Text Protocol', FALSE, '0:05:06', TRUE, -1);

insert into response values ('s9', 18, 2, 'Used for parallelising queries', FALSE, '0:05:06', TRUE, 2);
insert into response values ('s9', 19, 2, 'Internet Protocol(IP)', FALSE, '0:05:06', TRUE, 3);
insert into response values ('s9', 5, 2, '2 ', FALSE, '0:05:06', TRUE, -1);
insert into response values ('s9', 10, 2, '1 ', FALSE, '0:05:06', TRUE, -1);
insert into response values ('s9', 20, 2, 'Hyper Tank Protocol', FALSE, '0:05:06', TRUE, -1);

insert into response values ('s10', 19, 2, 'I P', FALSE, '0:05:06', TRUE, 0);
insert into response values ('s10', 5, 2, '2 ', FALSE, '0:05:06', TRUE, -1);
insert into response values ('s10', 18, 2, 'Used to reduce time map', FALSE, '0:05:06', TRUE, 2);
insert into response values ('s10', 10, 2, '0 1 2 3 ', FALSE, '0:05:06', TRUE, -1);
insert into response values ('s10', 20, 2, 'Hyper Text Protocol', FALSE, '0:05:06', TRUE, -1);
	
insert into checked values('t1', 1, 1, 1, FALSE);
insert into checked values('t1', 1, 2, 1, FALSE);
insert into checked values('t1', 1, 3, 1, FALSE);
insert into checked values('t2', 1, 4, 1, FALSE);
insert into checked values('t2', 1, 6, 1, FALSE);

insert into checked values('t1', 1, 18, 2, FALSE);
insert into checked values('t1', 1, 19, 2, FALSE);
insert into checked values('t2', 1, 5, 2, FALSE);
insert into checked values('t2', 1, 10, 2, FALSE);
insert into checked values('t2', 1, 20, 2, FALSE);

